Client host,Average Throughput,Std Throughput,Average Response Time,Std Response Time
1,866.1583333333333,19.559156416396387,4.611125,0.10421245297779214
Total,866.1583333333333,19.559156416396387,4.611125,0.10421245297779214
