Client host,Average Throughput,Std Throughput,Average Response Time,Std Response Time
1,6131.9625,141.2612740344678,6.523375000000001,0.1517976831538567
Total,6131.9625,141.2612740344678,6.523375000000001,0.1517976831538567
