Client host,Average Throughput,Std Throughput,Average Response Time,Std Response Time
1,3017.375,75.87989436076488,17.238125,0.43205772244344004
Total,3017.375,75.87989436076488,17.238125,0.43205772244344004
