Client host,Average Throughput,Std Throughput,Average Response Time,Std Response Time
1,843.775,31.46452142948643,4.740333333333334,0.180642430196144
Total,843.775,31.46452142948643,4.740333333333334,0.180642430196144
