Client host,Average Throughput,Std Throughput,Average Response Time,Std Response Time
1,9122.520833333334,330.0368173694964,5.70325,0.21351476877573516
Total,9122.520833333334,330.0368173694964,5.70325,0.21351476877573516
