Client host,Average Throughput,Std Throughput,Average Response Time,Std Response Time
1,850.3875,39.90925703481749,4.70375,0.21730784326565358
Total,850.3875,39.90925703481749,4.70375,0.21730784326565358
