Client host,Average Throughput,Std Throughput,Average Response Time,Std Response Time
1,5793.395833333333,219.32295397783167,4.834875,0.18486675343932626
Total,5793.395833333333,219.32295397783167,4.834875,0.18486675343932626
