Client host,Average Throughput,Std Throughput,Average Response Time,Std Response Time
1,6266.354166666667,197.53138510049752,8.3015,0.25847363356222997
Total,6266.354166666667,197.53138510049752,8.3015,0.25847363356222997
