Client host,Average Throughput,Std Throughput,Average Response Time,Std Response Time
1,10874.275,441.15696999563795,5.8915,0.2527229120853252
Total,10874.275,441.15696999563795,5.8915,0.2527229120853252
