Client host,Average Throughput,Std Throughput,Average Response Time,Std Response Time
1,7704.85,235.6834324570313,5.192458333333334,0.1684813981430091
Total,7704.85,235.6834324570313,5.192458333333334,0.1684813981430091
