Client host,Average Throughput,Std Throughput,Average Response Time,Std Response Time
1,10950.5625,699.3831204822441,5.868208333333333,0.42857128407880946
Total,10950.5625,699.3831204822441,5.868208333333333,0.42857128407880946
