Client host,Average Throughput,Std Throughput,Average Response Time,Std Response Time
1,3091.2375,68.42127267446365,12.939416666666666,0.2857868703875557
Total,3091.2375,68.42127267446365,12.939416666666666,0.2857868703875557
