Client host,Average Throughput,Std Throughput,Average Response Time,Std Response Time
1,5957.275,144.13350752559865,4.699958333333333,0.11785565924307853
Total,5957.275,144.13350752559865,4.699958333333333,0.11785565924307853
