Client host,Average Throughput,Std Throughput,Average Response Time,Std Response Time
1,1727.3791666666666,43.0856156443572,4.627875,0.11738104902179086
Total,1727.3791666666666,43.0856156443572,4.627875,0.11738104902179086
