Client host,Average Throughput,Std Throughput,Average Response Time,Std Response Time
1,1708.4375,53.120336369259405,4.681125,0.14590356547531674
Total,1708.4375,53.120336369259405,4.681125,0.14590356547531674
