Client host,Average Throughput,Std Throughput,Average Response Time,Std Response Time
1,7606.5625,369.05265503203265,5.268083333333334,0.2803354112795854
Total,7606.5625,369.05265503203265,5.268083333333334,0.2803354112795854
