Client host,Average Throughput,Std Throughput,Average Response Time,Std Response Time
1,8058.216666666666,331.63813478055454,4.969625,0.2151467947830953
Total,8058.216666666666,331.63813478055454,4.969625,0.2151467947830953
