Client host,Average Throughput,Std Throughput,Average Response Time,Std Response Time
1,6176.1,162.3098127465112,8.421125,0.2457777021421856
Total,6176.1,162.3098127465112,8.421125,0.2457777021421856
