Client host,Average Throughput,Std Throughput,Average Response Time,Std Response Time
1,880.4166666666666,22.253609864970564,4.5385,0.11792239132823346
Total,880.4166666666666,22.253609864970564,4.5385,0.11792239132823346
