Client host,Average Throughput,Std Throughput,Average Response Time,Std Response Time
1,1665.9875,44.77030931582124,4.801041666666666,0.13098339962105923
Total,1665.9875,44.77030931582124,4.801041666666666,0.13098339962105923
