Client host,Average Throughput,Std Throughput,Average Response Time,Std Response Time
1,3158.2375,109.66642961507787,8.86975,0.30699368971204044
Total,3158.2375,109.66642961507787,8.86975,0.30699368971204044
