Client host,Average Throughput,Std Throughput,Average Response Time,Std Response Time
1,3416.0,87.72780268544709,4.683458333333333,0.12396229659170609
Total,3416.0,87.72780268544709,4.683458333333333,0.12396229659170609
