Client host,Average Throughput,Std Throughput,Average Response Time,Std Response Time
1,3060.0875,68.19339844919162,20.916583333333335,0.4597406870211185
Total,3060.0875,68.19339844919162,20.916583333333335,0.4597406870211185
